{"coco/bbox_mAP": 0.309, "coco/bbox_mAP_50": 0.457, "coco/bbox_mAP_75": 0.335, "coco/bbox_mAP_s": 0.119, "coco/bbox_mAP_m": 0.305, "coco/bbox_mAP_l": 0.34, "data_time": 0.0007631074429712919, "time": 0.054236859443978595}