{"coco/bbox_mAP": 0.271, "coco/bbox_mAP_50": 0.443, "coco/bbox_mAP_75": 0.281, "coco/bbox_mAP_s": 0.13, "coco/bbox_mAP_m": 0.306, "coco/bbox_mAP_l": 0.284, "data_time": 0.0008482511626606126, "time": 0.024535487985495506}