{"coco/bbox_mAP": 0.049, "coco/bbox_mAP_50": 0.098, "coco/bbox_mAP_75": 0.042, "coco/bbox_mAP_s": 0.042, "coco/bbox_mAP_m": 0.085, "coco/bbox_mAP_l": 0.036, "data_time": 0.020779078578256234, "time": 0.06865005978083207}