{"coco/bbox_mAP": 0.352, "coco/bbox_mAP_50": 0.52, "coco/bbox_mAP_75": 0.388, "coco/bbox_mAP_s": 0.137, "coco/bbox_mAP_m": 0.364, "coco/bbox_mAP_l": 0.388, "data_time": 0.0013459326279942694, "time": 0.039135958900174565}