{"coco/bbox_mAP": 0.0, "coco/bbox_mAP_50": 0.0, "coco/bbox_mAP_75": 0.0, "coco/bbox_mAP_s": 0.0, "coco/bbox_mAP_m": 0.0, "coco/bbox_mAP_l": 0.0, "data_time": 0.0008789881089697739, "time": 0.050741232913573776}