{"coco/bbox_mAP": 0.25, "coco/bbox_mAP_50": 0.379, "coco/bbox_mAP_75": 0.274, "coco/bbox_mAP_s": 0.119, "coco/bbox_mAP_m": 0.269, "coco/bbox_mAP_l": 0.267, "data_time": 0.16172350369966948, "time": 1.105677182857807}