{"base_lr": 0.0012414068965517244, "lr": 0.0012414068965517244, "data_time": 0.1509533166885376, "loss": 2.5774267673492433, "loss_cls": 1.7772568702697753, "loss_bbox": 0.800169950723648, "time": 0.5852630138397217, "epoch": 1, "iter": 10, "memory": 2697, "step": 10}
{"base_lr": 0.002620703448275862, "lr": 0.002620703448275862, "data_time": 0.10477553606033325, "loss": 2.477453124523163, "loss_cls": 1.722278392314911, "loss_bbox": 0.7551747649908066, "time": 0.42254961729049684, "epoch": 1, "iter": 20, "memory": 1687, "step": 20}
{"base_lr": 0.003999999999999998, "lr": 0.003999999999999998, "data_time": 0.09142449696858725, "loss": 2.344378685951233, "loss_cls": 1.585602343082428, "loss_bbox": 0.7587763607501984, "time": 0.3655745267868042, "epoch": 1, "iter": 30, "memory": 1772, "step": 30}
{"base_lr": 0.003999999999999998, "lr": 0.003999999999999998, "data_time": 0.08837894201278687, "loss": 2.2229364991188048, "loss_cls": 1.4766604363918305, "loss_bbox": 0.746276070177555, "time": 0.3413683414459229, "epoch": 1, "iter": 40, "memory": 1764, "step": 40}
{"base_lr": 0.003999999999999998, "lr": 0.003999999999999998, "data_time": 0.08985781669616699, "loss": 2.130946319103241, "loss_cls": 1.3990532314777375, "loss_bbox": 0.7318930900096894, "time": 0.33094640254974367, "epoch": 1, "iter": 50, "memory": 1695, "step": 50}
{"base_lr": 0.003999999999999998, "lr": 0.003999999999999998, "data_time": 0.07042922019958496, "loss": 1.9661309361457824, "loss_cls": 1.2533060228824615, "loss_bbox": 0.7128249025344848, "time": 0.2639137077331543, "epoch": 1, "iter": 60, "memory": 1764, "step": 60}
{"base_lr": 0.003999999999999998, "lr": 0.003999999999999998, "data_time": 0.07478497505187988, "loss": 1.829496030807495, "loss_cls": 1.1226193988323212, "loss_bbox": 0.7068766188621521, "time": 0.269111123085022, "epoch": 1, "iter": 70, "memory": 1824, "step": 70}
{"base_lr": 0.003999999999999998, "lr": 0.003999999999999998, "data_time": 0.07223576545715332, "loss": 1.7581362223625183, "loss_cls": 1.0697174990177154, "loss_bbox": 0.6884187090396882, "time": 0.2697586393356323, "epoch": 1, "iter": 80, "memory": 1729, "step": 80}
{"base_lr": 0.003999999999999998, "lr": 0.003999999999999998, "data_time": 0.0752285099029541, "loss": 1.7127885675430299, "loss_cls": 1.036109621524811, "loss_bbox": 0.6766789376735687, "time": 0.2758431911468506, "epoch": 1, "iter": 90, "memory": 1721, "step": 90}
{"base_lr": 0.003999999999999998, "lr": 0.003999999999999998, "data_time": 0.06765194892883301, "loss": 1.6934713196754456, "loss_cls": 1.0198343586921692, "loss_bbox": 0.6736369550228118, "time": 0.2699344396591187, "epoch": 1, "iter": 100, "memory": 1849, "step": 100}
{"base_lr": 0.003999999999999998, "lr": 0.003999999999999998, "data_time": 0.07480085849761962, "loss": 1.6779399180412293, "loss_cls": 1.013671269416809, "loss_bbox": 0.6642686462402344, "time": 0.2757177495956421, "epoch": 1, "iter": 110, "memory": 1789, "step": 110}
{"base_lr": 0.003999999999999998, "lr": 0.003999999999999998, "data_time": 0.06556031703948975, "loss": 1.6718318104743957, "loss_cls": 1.0092897629737854, "loss_bbox": 0.6625420451164246, "time": 0.26486347198486326, "epoch": 1, "iter": 120, "memory": 1764, "step": 120}
{"base_lr": 0.003999999999999998, "lr": 0.003999999999999998, "data_time": 0.07519152641296387, "loss": 1.6550988364219665, "loss_cls": 0.9947499442100525, "loss_bbox": 0.6603488886356353, "time": 0.2721777153015137, "epoch": 1, "iter": 130, "memory": 1832, "step": 130}
{"base_lr": 0.003999999999999998, "lr": 0.003999999999999998, "data_time": 0.06601809978485107, "loss": 1.6544685506820678, "loss_cls": 0.9935880899429321, "loss_bbox": 0.6608804595470429, "time": 0.26206854343414304, "epoch": 1, "iter": 140, "memory": 1849, "step": 140}
{"base_lr": 0.003999999999999998, "lr": 0.003999999999999998, "data_time": 0.06932657241821288, "loss": 1.6362614107131959, "loss_cls": 0.971998212337494, "loss_bbox": 0.6642632031440735, "time": 0.2650169515609741, "epoch": 1, "iter": 150, "memory": 1986, "step": 150}
{"base_lr": 0.003999999999999998, "lr": 0.003999999999999998, "data_time": 0.06096585273742676, "loss": 1.6252538657188416, "loss_cls": 0.9606216597557068, "loss_bbox": 0.6646322119235992, "time": 0.26058871269226075, "epoch": 1, "iter": 160, "memory": 1849, "step": 160}
{"base_lr": 0.003999999999999998, "lr": 0.003999999999999998, "data_time": 0.0704232931137085, "loss": 1.6180628323554993, "loss_cls": 0.9563517224788666, "loss_bbox": 0.6617111110687256, "time": 0.26975312232971194, "epoch": 1, "iter": 170, "memory": 1764, "step": 170}
{"base_lr": 0.003999999999999998, "lr": 0.003999999999999998, "data_time": 0.05728310108184814, "loss": 1.6105830931663514, "loss_cls": 0.9509117460250854, "loss_bbox": 0.6596713507175446, "time": 0.2593568992614746, "epoch": 1, "iter": 180, "memory": 1781, "step": 180}
{"base_lr": 0.003999999999999998, "lr": 0.003999999999999998, "data_time": 0.054637184143066404, "loss": 1.5981392312049865, "loss_cls": 0.9403038501739502, "loss_bbox": 0.6578353834152222, "time": 0.25785681724548337, "epoch": 1, "iter": 190, "memory": 1772, "step": 190}
{"base_lr": 0.003999999999999998, "lr": 0.003999999999999998, "data_time": 0.05034500122070312, "loss": 1.5982038235664369, "loss_cls": 0.9471235644817352, "loss_bbox": 0.65108025431633, "time": 0.25262950897216796, "epoch": 1, "iter": 200, "memory": 1781, "step": 200}
{"base_lr": 0.003999999999999998, "lr": 0.003999999999999998, "data_time": 0.05680023193359375, "loss": 1.5732759475708007, "loss_cls": 0.9284391391277313, "loss_bbox": 0.6448368048667907, "time": 0.25714635848999023, "epoch": 1, "iter": 210, "memory": 1815, "step": 210}
{"base_lr": 0.003999999999999998, "lr": 0.003999999999999998, "data_time": 0.05242154121398926, "loss": 1.567724618911743, "loss_cls": 0.9269708657264709, "loss_bbox": 0.6407537603378296, "time": 0.25372536659240724, "epoch": 1, "iter": 220, "memory": 1806, "step": 220}
{"base_lr": 0.003999999999999998, "lr": 0.003999999999999998, "data_time": 0.06090424537658692, "loss": 1.5572208094596862, "loss_cls": 0.920497944355011, "loss_bbox": 0.6367228710651398, "time": 0.26173081398010256, "epoch": 1, "iter": 230, "memory": 1729, "step": 230}
{"base_lr": 0.003999999999999998, "lr": 0.003999999999999998, "data_time": 0.05960232257843018, "loss": 1.5663235116004943, "loss_cls": 0.9246257412433624, "loss_bbox": 0.6416977715492248, "time": 0.25787288188934326, "epoch": 1, "iter": 240, "memory": 1858, "step": 240}
{"base_lr": 0.003999999999999998, "lr": 0.003999999999999998, "data_time": 0.07303444862365722, "loss": 1.56927570104599, "loss_cls": 0.924236249923706, "loss_bbox": 0.6450394570827485, "time": 0.2956210422515869, "epoch": 2, "iter": 251, "memory": 2622, "step": 251}
{"base_lr": 0.003999999999999998, "lr": 0.003999999999999998, "data_time": 0.06905696868896484, "loss": 1.5714865803718567, "loss_cls": 0.9251650273799896, "loss_bbox": 0.6463215553760528, "time": 0.2897961711883545, "epoch": 2, "iter": 261, "memory": 1763, "step": 261}
{"base_lr": 0.003999999999999998, "lr": 0.003999999999999998, "data_time": 0.07105660915374756, "loss": 1.5808943319320679, "loss_cls": 0.9303666257858276, "loss_bbox": 0.6505277097225189, "time": 0.2902524995803833, "epoch": 2, "iter": 271, "memory": 1712, "step": 271}
{"base_lr": 0.003999999999999998, "lr": 0.003999999999999998, "data_time": 0.07155154705047607, "loss": 1.5884701013565063, "loss_cls": 0.927288943529129, "loss_bbox": 0.6611811673641205, "time": 0.2914763641357422, "epoch": 2, "iter": 281, "memory": 1729, "step": 281}
{"base_lr": 0.003999999999999998, "lr": 0.003999999999999998, "data_time": 0.07816295623779297, "loss": 1.5726087832450866, "loss_cls": 0.9191037547588349, "loss_bbox": 0.653505038022995, "time": 0.27540971755981447, "epoch": 2, "iter": 291, "memory": 1704, "step": 291}
{"base_lr": 0.003999999999999998, "lr": 0.003999999999999998, "data_time": 0.06800746440887451, "loss": 1.580056858062744, "loss_cls": 0.928523154258728,